Category,Total_Sales,Avg_Profit,Orders
Furniture,741999.7953,8.699327109853842,2121
Office Supplies,719047.032,20.3270495851311,6026
Technology,836154.033,78.75200221981592,1847
